{"total_distance": 2.7734404962509873, "per_layer_distance": {"linear_1": 0.28514416205883025, "relu_1": 0.1280474911779165, "linear_2": 0.21245424908399582, "relu_2": 0.1324879222512246, "linear_3": 0.183136342048645, "relu_3": 0.11834644097089768, "linear_4": 0.13104576921463007, "relu_4": 0.0718248099684715, "linear_5": 0.1497032090425491, "relu_5": 0.05233426183462141, "linear_6": 0.17694840812683102, "relu_6": 0.04731242734193796, "linear_7": 0.11215694653987877, "relu_7": 0.11215694653987877, "linear_8": 0.1747437318563459, "relu_8": 0.11661422002315537, "linear_9": 0.253527846336365, "relu_9": 0.08155303984880441, "linear_10": 0.1350057249069216, "relu_10": 0.06967077344655995}}