{"total_distance": 2.6875524227917196, "per_layer_distance": {"linear_1": 0.24755886727571486, "relu_1": 0.10612426304817205, "linear_2": 0.19566285628080365, "relu_2": 0.12656232604384426, "linear_3": 0.1822302973270416, "relu_3": 0.11928293800353999, "linear_4": 0.1303837087154388, "relu_4": 0.07215809118747711, "linear_5": 0.15033556306362156, "relu_5": 0.05239137142896652, "linear_6": 0.17698627316951743, "relu_6": 0.04731242734193796, "linear_7": 0.11215694653987877, "relu_7": 0.11215694653987877, "linear_8": 0.1747437318563459, "relu_8": 0.11661422002315537, "linear_9": 0.253527846336365, "relu_9": 0.08155303984880441, "linear_10": 0.1350057249069216, "relu_10": 0.06967077344655995}}