{"total_distance": 2.7669202418625347, "per_layer_distance": {"linear_1": 0.28608552312850954, "relu_1": 0.12747302481532094, "linear_2": 0.20957093548774716, "relu_2": 0.13173118311166768, "linear_3": 0.1824008558988571, "relu_3": 0.11925252306461334, "linear_4": 0.13077729260921483, "relu_4": 0.07203834497928616, "linear_5": 0.14976259160041808, "relu_5": 0.05222252893447874, "linear_6": 0.17695540738105767, "relu_6": 0.04731242734193796, "linear_7": 0.11215694653987877, "relu_7": 0.11215694653987877, "linear_8": 0.1747437318563459, "relu_8": 0.11661422002315537, "linear_9": 0.253527846336365, "relu_9": 0.08155303984880441, "linear_10": 0.1350057249069216, "relu_10": 0.06967077344655995}}