{"total_distance": 2.7639104655683044, "per_layer_distance": {"linear_1": 0.28287662053108215, "relu_1": 0.12401250550150873, "linear_2": 0.2074977247118949, "relu_2": 0.12917316344380378, "linear_3": 0.18389062345027926, "relu_3": 0.12294059741497043, "linear_4": 0.13193871474266056, "relu_4": 0.07318512827157973, "linear_5": 0.149508363366127, "relu_5": 0.0519483625590801, "linear_6": 0.17693080484867085, "relu_6": 0.04731242734193796, "linear_7": 0.11215694653987877, "relu_7": 0.11215694653987877, "linear_8": 0.1747437318563459, "relu_8": 0.11661422002315537, "linear_9": 0.253527846336365, "relu_9": 0.08155303984880441, "linear_10": 0.1350057249069216, "relu_10": 0.06967077344655995}}