{"total_distance": 2.7060363147258752, "per_layer_distance": {"linear_1": 0.2458750375509263, "relu_1": 0.10528269794583317, "linear_2": 0.20329300534725184, "relu_2": 0.131948592722416, "linear_3": 0.18403691422939306, "relu_3": 0.12072925019264219, "linear_4": 0.13108260989189144, "relu_4": 0.07237269431352616, "linear_5": 0.14981306767463679, "relu_5": 0.052139557957649234, "linear_6": 0.17697193241119383, "relu_6": 0.04731242734193796, "linear_7": 0.11215694653987877, "relu_7": 0.11215694653987877, "linear_8": 0.1747437318563459, "relu_8": 0.11661422002315537, "linear_9": 0.253527846336365, "relu_9": 0.08155303984880441, "linear_10": 0.1350057249069216, "relu_10": 0.06967077344655995}}