{"total_distance": 2.7761621765494344, "per_layer_distance": {"linear_1": 0.28626164314150804, "relu_1": 0.1311400537490845, "linear_2": 0.20912183356285097, "relu_2": 0.1302772328853607, "linear_3": 0.1832959765195847, "relu_3": 0.12340643227100373, "linear_4": 0.13165847289562227, "relu_4": 0.07344210696220398, "linear_5": 0.14971714949607853, "relu_5": 0.05191484978795053, "linear_6": 0.17693232738971712, "relu_6": 0.04731242734193796, "linear_7": 0.11215694653987877, "relu_7": 0.11215694653987877, "linear_8": 0.1747437318563459, "relu_8": 0.11661422002315537, "linear_9": 0.253527846336365, "relu_9": 0.08155303984880441, "linear_10": 0.1350057249069216, "relu_10": 0.06967077344655995}}