{"total_distance": 2.7265949279218917, "per_layer_distance": {"linear_1": 0.2585341739058495, "relu_1": 0.11510940726101396, "linear_2": 0.20593189764022826, "relu_2": 0.13155208671092988, "linear_3": 0.18255357933044436, "relu_3": 0.12033596038818363, "linear_4": 0.13066015696525576, "relu_4": 0.07240283674001692, "linear_5": 0.1499345279932021, "relu_5": 0.05217669671773908, "linear_6": 0.17696625494956972, "relu_6": 0.04731242734193796, "linear_7": 0.11215694653987877, "relu_7": 0.11215694653987877, "linear_8": 0.1747437318563459, "relu_8": 0.11661422002315537, "linear_9": 0.253527846336365, "relu_9": 0.08155303984880441, "linear_10": 0.1350057249069216, "relu_10": 0.06967077344655995}}