{"total_distance": 2.7425761091262104, "per_layer_distance": {"linear_1": 0.2621313803493976, "relu_1": 0.1195740125924349, "linear_2": 0.20889842045307166, "relu_2": 0.13208164471387862, "linear_3": 0.18476702225208286, "relu_3": 0.12457424467802045, "linear_4": 0.13221992778778077, "relu_4": 0.07364972352981569, "linear_5": 0.1493386951684951, "relu_5": 0.05164480015635491, "linear_6": 0.17693779373168939, "relu_6": 0.04731242734193796, "linear_7": 0.11215694653987877, "relu_7": 0.11215694653987877, "linear_8": 0.1747437318563459, "relu_8": 0.11661422002315537, "linear_9": 0.253527846336365, "relu_9": 0.08155303984880441, "linear_10": 0.1350057249069216, "relu_10": 0.06967077344655995}}