{"total_distance": 2.745938303440809, "per_layer_distance": {"linear_1": 0.2669840495586394, "relu_1": 0.11860898000001907, "linear_2": 0.21033714747428903, "relu_2": 0.1330581786632538, "linear_3": 0.18294376349449154, "relu_3": 0.11923454165458679, "linear_4": 0.13026010799407955, "relu_4": 0.07187115222215654, "linear_5": 0.14974797570705414, "relu_5": 0.05226407968997955, "linear_6": 0.1769651625156402, "relu_6": 0.04731242734193796, "linear_7": 0.11215694653987877, "relu_7": 0.11215694653987877, "linear_8": 0.1747437318563459, "relu_8": 0.11661422002315537, "linear_9": 0.253527846336365, "relu_9": 0.08155303984880441, "linear_10": 0.1350057249069216, "relu_10": 0.06967077344655995}}