{"total_distance": 2.7359968048185097, "per_layer_distance": {"linear_1": 0.2602708755135535, "relu_1": 0.11928016310930259, "linear_2": 0.2068062973022461, "relu_2": 0.1312036692649126, "linear_3": 0.1831176642179488, "relu_3": 0.12300634050369263, "linear_4": 0.1311515190601349, "relu_4": 0.07307233661413193, "linear_5": 0.149682951927185, "relu_5": 0.05192404744029043, "linear_6": 0.17695542109012607, "relu_6": 0.04731242734193796, "linear_7": 0.11215694653987877, "relu_7": 0.11215694653987877, "linear_8": 0.1747437318563459, "relu_8": 0.11661422002315537, "linear_9": 0.253527846336365, "relu_9": 0.08155303984880441, "linear_10": 0.1350057249069216, "relu_10": 0.06967077344655995}}