{"total_distance": 2.714399412855506, "per_layer_distance": {"linear_1": 0.25277572077512744, "relu_1": 0.112497040823102, "linear_2": 0.2017736952304841, "relu_2": 0.1292290751934051, "linear_3": 0.18263835513591775, "relu_3": 0.12072489941120147, "linear_4": 0.13085901343822476, "relu_4": 0.07244171744585037, "linear_5": 0.14990681135654446, "relu_5": 0.05214559343457219, "linear_6": 0.1769758679866791, "relu_6": 0.04731242734193796, "linear_7": 0.11215694653987877, "relu_7": 0.11215694653987877, "linear_8": 0.1747437318563459, "relu_8": 0.11661422002315537, "linear_9": 0.253527846336365, "relu_9": 0.08155303984880441, "linear_10": 0.1350057249069216, "relu_10": 0.06967077344655995}}