{"total_distance": 2.686484438061714, "per_layer_distance": {"linear_1": 0.24756201267242434, "relu_1": 0.11211913511157037, "linear_2": 0.19409188199043267, "relu_2": 0.12233844822645189, "linear_3": 0.18022539722919456, "relu_3": 0.11777591276168828, "linear_4": 0.13027496230602265, "relu_4": 0.07183039557933807, "linear_5": 0.1507544178962708, "relu_5": 0.05268483033776281, "linear_6": 0.17698501312732692, "relu_6": 0.04731242734193796, "linear_7": 0.11215694653987877, "relu_7": 0.11215694653987877, "linear_8": 0.1747437318563459, "relu_8": 0.11661422002315537, "linear_9": 0.253527846336365, "relu_9": 0.08155303984880441, "linear_10": 0.1350057249069216, "relu_10": 0.06967077344655995}}