{"total_distance": 2.752862088739872, "per_layer_distance": {"linear_1": 0.2646819719076158, "relu_1": 0.12250931468605994, "linear_2": 0.21352129960060115, "relu_2": 0.13239852234721186, "linear_3": 0.184584058046341, "relu_3": 0.12364366048574449, "linear_4": 0.13191707921028137, "relu_4": 0.0733877964615822, "linear_5": 0.1494165536165237, "relu_5": 0.05189423137903211, "linear_6": 0.17691888904571532, "relu_6": 0.04731242734193796, "linear_7": 0.11215694653987877, "relu_7": 0.11215694653987877, "linear_8": 0.1747437318563459, "relu_8": 0.11661422002315537, "linear_9": 0.253527846336365, "relu_9": 0.08155303984880441, "linear_10": 0.1350057249069216, "relu_10": 0.06967077344655995}}