{"total_distance": 2.7687213955223555, "per_layer_distance": {"linear_1": 0.28700568288564693, "relu_1": 0.1258329528272152, "linear_2": 0.21108725976943968, "relu_2": 0.1315208517313003, "linear_3": 0.18356555867195132, "relu_3": 0.12067993688583373, "linear_4": 0.1314192950725555, "relu_4": 0.07248427814245223, "linear_5": 0.14981249010562897, "relu_5": 0.05215548580884932, "linear_6": 0.17695344698429105, "relu_6": 0.04731242734193796, "linear_7": 0.11215694653987877, "relu_7": 0.11215694653987877, "linear_8": 0.1747437318563459, "relu_8": 0.11661422002315537, "linear_9": 0.253527846336365, "relu_9": 0.08155303984880441, "linear_10": 0.1350057249069216, "relu_10": 0.06967077344655995}}