{"total_distance": 2.725601244002581, "per_layer_distance": {"linear_1": 0.26545877629518505, "relu_1": 0.11450604525208476, "linear_2": 0.20081076812744136, "relu_2": 0.13019915282726288, "linear_3": 0.1821533682346344, "relu_3": 0.11903941196203231, "linear_4": 0.1312269442081451, "relu_4": 0.07215926009416579, "linear_5": 0.15001039850711828, "relu_5": 0.052334096670150744, "linear_6": 0.17695858359336852, "relu_6": 0.04731242734193796, "linear_7": 0.11215694653987877, "relu_7": 0.11215694653987877, "linear_8": 0.1747437318563459, "relu_8": 0.11661422002315537, "linear_9": 0.253527846336365, "relu_9": 0.08155303984880441, "linear_10": 0.1350057249069216, "relu_10": 0.06967077344655995}}