{"total_distance": 2.7396563521921635, "per_layer_distance": {"linear_1": 0.27669344604015356, "relu_1": 0.12272594100236892, "linear_2": 0.20088643801212314, "relu_2": 0.126073761343956, "linear_3": 0.18133979773521422, "relu_3": 0.11909850972890856, "linear_4": 0.13112255346775054, "relu_4": 0.07202315062284474, "linear_5": 0.1503073025941849, "relu_5": 0.05246387049555778, "linear_6": 0.17697095990180967, "relu_6": 0.04731242734193796, "linear_7": 0.11215694653987877, "relu_7": 0.11215694653987877, "linear_8": 0.1747437318563459, "relu_8": 0.11661422002315537, "linear_9": 0.253527846336365, "relu_9": 0.08155303984880441, "linear_10": 0.1350057249069216, "relu_10": 0.06967077344655995}}