{"total_distance": 2.7554729207307083, "per_layer_distance": {"linear_1": 0.2753046421408653, "relu_1": 0.12657627309858796, "linear_2": 0.20512218987941747, "relu_2": 0.1296009076833725, "linear_3": 0.18203904271125795, "relu_3": 0.12003524178266521, "linear_4": 0.13071415638923645, "relu_4": 0.07215318590402602, "linear_5": 0.14994277286529537, "relu_5": 0.05217825472354889, "linear_6": 0.17698075366020208, "relu_6": 0.04731242734193796, "linear_7": 0.11215694653987877, "relu_7": 0.11215694653987877, "linear_8": 0.1747437318563459, "relu_8": 0.11661422002315537, "linear_9": 0.253527846336365, "relu_9": 0.08155303984880441, "linear_10": 0.1350057249069216, "relu_10": 0.06967077344655995}}