{"total_distance": 2.7067421077340823, "per_layer_distance": {"linear_1": 0.24438321027159685, "relu_1": 0.10953927482664581, "linear_2": 0.20437522518634793, "relu_2": 0.12923168987035752, "linear_3": 0.1841158199310303, "relu_3": 0.1220351815223694, "linear_4": 0.13109423363208772, "relu_4": 0.07284445524215698, "linear_5": 0.14984356105327604, "relu_5": 0.052017481505870836, "linear_6": 0.17697485089302054, "relu_6": 0.04731242734193796, "linear_7": 0.11215694653987877, "relu_7": 0.11215694653987877, "linear_8": 0.1747437318563459, "relu_8": 0.11661422002315537, "linear_9": 0.253527846336365, "relu_9": 0.08155303984880441, "linear_10": 0.1350057249069216, "relu_10": 0.06967077344655995}}