{"total_distance": 2.7524939943999045, "per_layer_distance": {"linear_1": 0.2727703207731248, "relu_1": 0.12831551329791546, "linear_2": 0.20768853688240052, "relu_2": 0.13127777248620986, "linear_3": 0.18232378661632542, "relu_3": 0.12122337126731873, "linear_4": 0.13116821968555453, "relu_4": 0.07274753671884536, "linear_5": 0.14977704274654385, "relu_5": 0.05218502205610274, "linear_6": 0.17692580592632293, "relu_6": 0.04731242734193796, "linear_7": 0.11215694653987877, "relu_7": 0.11215694653987877, "linear_8": 0.1747437318563459, "relu_8": 0.11661422002315537, "linear_9": 0.253527846336365, "relu_9": 0.08155303984880441, "linear_10": 0.1350057249069216, "relu_10": 0.06967077344655995}}