{"total_distance": 2.750194033175707, "per_layer_distance": {"linear_1": 0.2761205899715423, "relu_1": 0.12629904109239581, "linear_2": 0.20386742460727694, "relu_2": 0.12901775294542314, "linear_3": 0.18230892801284798, "relu_3": 0.11937316429615027, "linear_4": 0.1309491764307022, "relu_4": 0.07211754012107849, "linear_5": 0.1499905594587326, "relu_5": 0.05227748093008993, "linear_6": 0.1769702303409575, "relu_6": 0.04731242734193796, "linear_7": 0.11215694653987877, "relu_7": 0.11215694653987877, "linear_8": 0.1747437318563459, "relu_8": 0.11661422002315537, "linear_9": 0.253527846336365, "relu_9": 0.08155303984880441, "linear_10": 0.1350057249069216, "relu_10": 0.06967077344655995}}